"0","test_dates <- unique(test$date)"
"0",""
"0","proportions <- train %>%"
"0","  group_by(store_nbr, family) %>%"
"0","  summarise(avg_sales = mean(sales, na.rm = TRUE)) %>%"
"0","  mutate(proportion = avg_sales / sum(avg_sales)) %>%"
"0","  select(store_nbr, family, proportion)"
"1","[38;5;232m`summarise()` has grouped output by 'store_nbr'. You can override
using the `.groups` argument.[39m
"
"0","test_with_proportions <- test %>%"
"0","  left_join(proportions, by = c(""store_nbr"", ""family""))"
"0",""
"0","forecasted_sales_expanded <- test_with_proportions %>%"
"0","  group_by(date) %>%"
"0","  mutate(sales = forecasted_sales[which(test_dates == unique(date))] * proportion) %>%"
"0","  ungroup()"
"0",""
"0","submission <- forecasted_sales_expanded %>%"
"0","  select(id, sales)"
"0",""
"0","write.csv(submission, ""UpdatedModel.csv"", row.names = FALSE)"
